<?xml version="1.0" encoding="UTF-8"?>
<project-private xmlns="http://www.netbeans.org/ns/project-private/1">
    <editor-bookmarks xmlns="http://www.netbeans.org/ns/editor-bookmarks/2" lastBookmarkId="0"/>
    <open-files xmlns="http://www.netbeans.org/ns/projectui-open-files/2">
        <group>
            <file>file:/D:/GemDat/Schule/2019_20_3DHIF/POS/Exa_Q4_Kontoverwaltung/src/bl/Account.java</file>
            <file>file:/D:/GemDat/Schule/2019_20_3DHIF/POS/Exa_Q4_Kontoverwaltung/src/bl/AccountUser.java</file>
            <file>file:/D:/GemDat/Schule/2019_20_3DHIF/POS/Exa_Q4_Kontoverwaltung/src/gui/AccountGUI.java</file>
        </group>
    </open-files>
</project-private>
